scenario_id,topology,topology_label,cohort,cohort_label,base_ta_c,base_rh_pct,point_count,mean_pmv,min_pmv,max_pmv,pmv_range,spatial_std_pmv,mean_ppd,worst_ppd,cold_risk_share_pct,hot_risk_share_pct,perimeter_core_gap
cellular_office__realistic_mixed__t20p0_rh35,cellular_office,Cellular Office,realistic_mixed,Realistic Mixed Office,20.0,35.0,40,-3.178,-4.515,-1.847,2.668,0.956,92.172,100.0,100.0,0.0,-0.193
open_office__realistic_mixed__t20p0_rh35,open_office,Open Office,realistic_mixed,Realistic Mixed Office,20.0,35.0,40,-3.165,-4.441,-1.813,2.628,0.953,92.101,100.0,100.0,0.0,0.008
cellular_office__default_male_35__t20p0_rh35,cellular_office,Cellular Office,default_male_35,Default Male Baseline,20.0,35.0,40,-2.065,-2.278,-1.853,0.425,0.097,79.387,87.559,100.0,0.0,0.01
open_office__default_male_35__t20p0_rh35,open_office,Open Office,default_male_35,Default Male Baseline,20.0,35.0,40,-2.058,-2.349,-1.519,0.83,0.177,78.708,89.714,100.0,0.0,0.172
cellular_office__realistic_male__t20p0_rh35,cellular_office,Cellular Office,realistic_male,Realistic Male Office,20.0,35.0,40,-2.147,-2.525,-1.834,0.691,0.15,82.409,93.945,100.0,0.0,0.027
open_office__realistic_male__t20p0_rh35,open_office,Open Office,realistic_male,Realistic Male Office,20.0,35.0,40,-2.14,-2.599,-1.501,1.098,0.201,81.786,95.286,100.0,0.0,0.192
cellular_office__female_light__t20p0_rh35,cellular_office,Cellular Office,female_light,Female Light Office,20.0,35.0,40,-4.008,-4.551,-3.479,1.072,0.256,99.995,100.0,100.0,0.0,0.057
open_office__female_light__t20p0_rh35,open_office,Open Office,female_light,Female Light Office,20.0,35.0,40,-3.994,-4.652,-3.013,1.639,0.317,99.974,100.0,100.0,0.0,0.289
cellular_office__older_mixed__t20p0_rh35,cellular_office,Cellular Office,older_mixed,Older Mixed Office,20.0,35.0,40,-3.399,-5.021,-2.163,2.858,1.006,96.227,100.0,100.0,0.0,-0.218
open_office__older_mixed__t20p0_rh35,open_office,Open Office,older_mixed,Older Mixed Office,20.0,35.0,40,-3.389,-5.01,-2.12,2.89,1.026,95.889,100.0,100.0,0.0,-0.017
cellular_office__older_male_formal__t20p0_rh35,cellular_office,Cellular Office,older_male_formal,Older Male Formal,20.0,35.0,40,-2.512,-2.845,-2.182,0.663,0.153,93.144,98.193,100.0,0.0,0.046
open_office__older_male_formal__t20p0_rh35,open_office,Open Office,older_male_formal,Older Male Formal,20.0,35.0,40,-2.506,-2.923,-1.837,1.086,0.213,92.506,98.722,100.0,0.0,0.218
cellular_office__older_female_light__t20p0_rh35,cellular_office,Cellular Office,older_female_light,Older Female Light,20.0,35.0,40,-4.81,-5.363,-4.151,1.212,0.316,100.0,100.0,100.0,0.0,0.092
open_office__older_female_light__t20p0_rh35,open_office,Open Office,older_female_light,Older Female Light,20.0,35.0,40,-4.795,-5.513,-3.671,1.842,0.384,100.0,100.0,100.0,0.0,0.345
cellular_office__realistic_mixed__t20p0_rh55,cellular_office,Cellular Office,realistic_mixed,Realistic Mixed Office,20.0,55.0,40,-3.014,-4.334,-1.697,2.637,0.946,89.316,100.0,100.0,0.0,-0.191
open_office__realistic_mixed__t20p0_rh55,open_office,Open Office,realistic_mixed,Realistic Mixed Office,20.0,55.0,40,-3.001,-4.264,-1.656,2.608,0.944,89.265,100.0,100.0,0.0,0.012
cellular_office__default_male_35__t20p0_rh55,cellular_office,Cellular Office,default_male_35,Default Male Baseline,20.0,55.0,40,-1.913,-2.126,-1.701,0.425,0.097,72.519,82.096,100.0,0.0,0.011
open_office__default_male_35__t20p0_rh55,open_office,Open Office,default_male_35,Default Male Baseline,20.0,55.0,40,-1.906,-2.197,-1.365,0.832,0.178,71.933,84.814,100.0,0.0,0.174
cellular_office__realistic_male__t20p0_rh55,cellular_office,Cellular Office,realistic_male,Realistic Male Office,20.0,55.0,40,-1.993,-2.368,-1.683,0.685,0.148,76.036,90.244,100.0,0.0,0.028
open_office__realistic_male__t20p0_rh55,open_office,Open Office,realistic_male,Realistic Male Office,20.0,55.0,40,-1.986,-2.443,-1.348,1.095,0.201,75.458,92.152,100.0,0.0,0.194
cellular_office__female_light__t20p0_rh55,cellular_office,Cellular Office,female_light,Female Light Office,20.0,55.0,40,-3.84,-4.379,-3.314,1.065,0.254,99.984,100.0,100.0,0.0,0.057
open_office__female_light__t20p0_rh55,open_office,Open Office,female_light,Female Light Office,20.0,55.0,40,-3.826,-4.481,-2.846,1.635,0.316,99.938,100.0,100.0,0.0,0.29
cellular_office__older_mixed__t20p0_rh55,cellular_office,Cellular Office,older_mixed,Older Mixed Office,20.0,55.0,40,-3.226,-4.83,-2.003,2.827,0.995,94.027,100.0,100.0,0.0,-0.215
open_office__older_mixed__t20p0_rh55,open_office,Open Office,older_mixed,Older Mixed Office,20.0,55.0,40,-3.216,-4.823,-1.953,2.87,1.015,93.615,100.0,100.0,0.0,-0.012
cellular_office__older_male_formal__t20p0_rh55,cellular_office,Cellular Office,older_male_formal,Older Male Formal,20.0,55.0,40,-2.347,-2.678,-2.02,0.658,0.151,89.093,96.449,100.0,0.0,0.047
open_office__older_male_formal__t20p0_rh55,open_office,Open Office,older_male_formal,Older Male Formal,20.0,55.0,40,-2.342,-2.756,-1.673,1.083,0.213,88.403,97.375,100.0,0.0,0.219
cellular_office__older_female_light__t20p0_rh55,cellular_office,Cellular Office,older_female_light,Older Female Light,20.0,55.0,40,-4.623,-5.17,-3.971,1.199,0.313,100.0,100.0,100.0,0.0,0.092
open_office__older_female_light__t20p0_rh55,open_office,Open Office,older_female_light,Older Female Light,20.0,55.0,40,-4.608,-5.321,-3.487,1.834,0.382,99.999,100.0,100.0,0.0,0.346
cellular_office__realistic_mixed__t20p0_rh75,cellular_office,Cellular Office,realistic_mixed,Realistic Mixed Office,20.0,75.0,40,-2.851,-4.154,-1.547,2.607,0.936,86.045,100.0,100.0,0.0,-0.188
open_office__realistic_mixed__t20p0_rh75,open_office,Open Office,realistic_mixed,Realistic Mixed Office,20.0,75.0,40,-2.838,-4.088,-1.498,2.59,0.935,86.005,100.0,100.0,0.0,0.016
cellular_office__default_male_35__t20p0_rh75,cellular_office,Cellular Office,default_male_35,Default Male Baseline,20.0,75.0,40,-1.761,-1.973,-1.549,0.424,0.097,64.896,75.545,100.0,0.0,0.012
open_office__default_male_35__t20p0_rh75,open_office,Open Office,default_male_35,Default Male Baseline,20.0,75.0,40,-1.755,-2.046,-1.211,0.835,0.179,64.441,78.776,100.0,0.0,0.176
cellular_office__realistic_male__t20p0_rh75,cellular_office,Cellular Office,realistic_male,Realistic Male Office,20.0,75.0,40,-1.84,-2.211,-1.531,0.68,0.146,68.769,85.293,100.0,0.0,0.028
open_office__realistic_male__t20p0_rh75,open_office,Open Office,realistic_male,Realistic Male Office,20.0,75.0,40,-1.833,-2.286,-1.195,1.091,0.201,68.276,87.815,100.0,0.0,0.196
cellular_office__female_light__t20p0_rh75,cellular_office,Cellular Office,female_light,Female Light Office,20.0,75.0,40,-3.671,-4.208,-3.149,1.059,0.252,99.953,100.0,100.0,0.0,0.057
open_office__female_light__t20p0_rh75,open_office,Open Office,female_light,Female Light Office,20.0,75.0,40,-3.658,-4.31,-2.679,1.631,0.315,99.859,100.0,100.0,0.0,0.291
cellular_office__older_mixed__t20p0_rh75,cellular_office,Cellular Office,older_mixed,Older Mixed Office,20.0,75.0,40,-3.053,-4.638,-1.844,2.794,0.984,91.122,100.0,100.0,0.0,-0.212
open_office__older_mixed__t20p0_rh75,open_office,Open Office,older_mixed,Older Mixed Office,20.0,75.0,40,-3.043,-4.635,-1.786,2.849,1.005,90.654,100.0,100.0,0.0,-0.008
cellular_office__older_male_formal__t20p0_rh75,cellular_office,Cellular Office,older_male_formal,Older Male Formal,20.0,75.0,40,-2.183,-2.51,-1.858,0.652,0.15,83.733,93.643,100.0,0.0,0.047
open_office__older_male_formal__t20p0_rh75,open_office,Open Office,older_male_formal,Older Male Formal,20.0,75.0,40,-2.177,-2.589,-1.509,1.08,0.213,83.052,95.107,100.0,0.0,0.221
cellular_office__older_female_light__t20p0_rh75,cellular_office,Cellular Office,older_female_light,Older Female Light,20.0,75.0,40,-4.436,-4.977,-3.791,1.186,0.31,100.0,100.0,100.0,0.0,0.091
open_office__older_female_light__t20p0_rh75,open_office,Open Office,older_female_light,Older Female Light,20.0,75.0,40,-4.421,-5.129,-3.302,1.827,0.381,99.996,100.0,100.0,0.0,0.347
cellular_office__realistic_mixed__t20p0_rh80,cellular_office,Cellular Office,realistic_mixed,Realistic Mixed Office,20.0,80.0,40,-2.81,-4.109,-1.509,2.6,0.934,85.174,100.0,100.0,0.0,-0.188
open_office__realistic_mixed__t20p0_rh80,open_office,Open Office,realistic_mixed,Realistic Mixed Office,20.0,80.0,40,-2.797,-4.044,-1.459,2.585,0.932,85.133,100.0,100.0,0.0,0.017
cellular_office__default_male_35__t20p0_rh80,cellular_office,Cellular Office,default_male_35,Default Male Baseline,20.0,80.0,40,-1.723,-1.935,-1.511,0.424,0.097,62.907,73.759,100.0,0.0,0.012
open_office__default_male_35__t20p0_rh80,open_office,Open Office,default_male_35,Default Male Baseline,20.0,80.0,40,-1.717,-2.008,-1.173,0.835,0.179,62.488,77.103,100.0,0.0,0.176
cellular_office__realistic_male__t20p0_rh80,cellular_office,Cellular Office,realistic_male,Realistic Male Office,20.0,80.0,40,-1.801,-2.171,-1.494,0.677,0.146,66.844,83.859,100.0,0.0,0.028
open_office__realistic_male__t20p0_rh80,open_office,Open Office,realistic_male,Realistic Male Office,20.0,80.0,40,-1.795,-2.246,-1.157,1.089,0.201,66.376,86.534,100.0,0.0,0.196
cellular_office__female_light__t20p0_rh80,cellular_office,Cellular Office,female_light,Female Light Office,20.0,80.0,40,-3.629,-4.165,-3.108,1.057,0.251,99.939,100.0,100.0,0.0,0.057
open_office__female_light__t20p0_rh80,open_office,Open Office,female_light,Female Light Office,20.0,80.0,40,-3.616,-4.267,-2.637,1.63,0.315,99.829,100.0,100.0,0.0,0.292
cellular_office__older_mixed__t20p0_rh80,cellular_office,Cellular Office,older_mixed,Older Mixed Office,20.0,80.0,40,-3.009,-4.591,-1.804,2.787,0.982,90.286,100.0,100.0,0.0,-0.211
open_office__older_mixed__t20p0_rh80,open_office,Open Office,older_mixed,Older Mixed Office,20.0,80.0,40,-3.0,-4.589,-1.744,2.845,1.002,89.807,100.0,100.0,0.0,-0.007
cellular_office__older_male_formal__t20p0_rh80,cellular_office,Cellular Office,older_male_formal,Older Male Formal,20.0,80.0,40,-2.141,-2.468,-1.817,0.651,0.15,82.19,92.745,100.0,0.0,0.047
open_office__older_male_formal__t20p0_rh80,open_office,Open Office,older_male_formal,Older Male Formal,20.0,80.0,40,-2.136,-2.547,-1.468,1.079,0.213,81.521,94.362,100.0,0.0,0.221
cellular_office__older_female_light__t20p0_rh80,cellular_office,Cellular Office,older_female_light,Older Female Light,20.0,80.0,40,-4.389,-4.93,-3.746,1.184,0.309,100.0,100.0,100.0,0.0,0.091
open_office__older_female_light__t20p0_rh80,open_office,Open Office,older_female_light,Older Female Light,20.0,80.0,40,-4.375,-5.081,-3.256,1.825,0.38,99.994,100.0,100.0,0.0,0.347
cellular_office__realistic_mixed__t22p0_rh35,cellular_office,Cellular Office,realistic_mixed,Realistic Mixed Office,22.0,35.0,40,-2.335,-3.486,-1.183,2.303,0.827,76.057,99.952,100.0,0.0,-0.157
open_office__realistic_mixed__t22p0_rh35,open_office,Open Office,realistic_mixed,Realistic Mixed Office,22.0,35.0,40,-2.325,-3.457,-1.115,2.342,0.827,75.927,99.941,100.0,0.0,0.042
cellular_office__default_male_35__t22p0_rh35,cellular_office,Cellular Office,default_male_35,Default Male Baseline,22.0,35.0,40,-1.371,-1.554,-1.178,0.376,0.088,44.016,53.818,100.0,0.0,0.016
open_office__default_male_35__t22p0_rh35,open_office,Open Office,default_male_35,Default Male Baseline,22.0,35.0,40,-1.37,-1.626,-0.862,0.764,0.167,44.199,57.784,100.0,0.0,0.171
cellular_office__realistic_male__t22p0_rh35,cellular_office,Cellular Office,realistic_male,Realistic Male Office,22.0,35.0,40,-1.443,-1.772,-1.161,0.611,0.133,47.916,65.542,100.0,0.0,0.032
open_office__realistic_male__t22p0_rh35,open_office,Open Office,realistic_male,Realistic Male Office,22.0,35.0,40,-1.442,-1.847,-0.847,1.0,0.186,48.002,69.442,100.0,0.0,0.19
cellular_office__female_light__t22p0_rh35,cellular_office,Cellular Office,female_light,Female Light Office,22.0,35.0,40,-3.047,-3.515,-2.574,0.941,0.226,98.883,99.961,100.0,0.0,0.062
open_office__female_light__t22p0_rh35,open_office,Open Office,female_light,Female Light Office,22.0,35.0,40,-3.034,-3.618,-2.112,1.506,0.297,98.34,99.982,100.0,0.0,0.296
cellular_office__older_mixed__t22p0_rh35,cellular_office,Cellular Office,older_mixed,Older Mixed Office,22.0,35.0,40,-2.539,-3.952,-1.468,2.484,0.876,80.794,99.999,100.0,0.0,-0.18
open_office__older_mixed__t22p0_rh35,open_office,Open Office,older_mixed,Older Mixed Office,22.0,35.0,40,-2.536,-3.963,-1.387,2.576,0.897,80.412,99.999,100.0,0.0,0.013
cellular_office__older_male_formal__t22p0_rh35,cellular_office,Cellular Office,older_male_formal,Older Male Formal,22.0,35.0,40,-1.769,-2.06,-1.477,0.583,0.135,65.234,79.404,100.0,0.0,0.05
open_office__older_male_formal__t22p0_rh35,open_office,Open Office,older_male_formal,Older Male Formal,22.0,35.0,40,-1.769,-2.139,-1.144,0.995,0.197,65.127,82.64,100.0,0.0,0.214
cellular_office__older_female_light__t22p0_rh35,cellular_office,Cellular Office,older_female_light,Older Female Light,22.0,35.0,40,-3.764,-4.256,-3.193,1.063,0.279,99.964,100.0,100.0,0.0,0.095
open_office__older_female_light__t22p0_rh35,open_office,Open Office,older_female_light,Older Female Light,22.0,35.0,40,-3.753,-4.408,-2.707,1.701,0.355,99.881,100.0,100.0,0.0,0.346
cellular_office__realistic_mixed__t22p0_rh55,cellular_office,Cellular Office,realistic_mixed,Realistic Mixed Office,22.0,55.0,40,-2.15,-3.285,-1.014,2.271,0.816,71.301,99.818,100.0,0.0,-0.154
open_office__realistic_mixed__t22p0_rh55,open_office,Open Office,realistic_mixed,Realistic Mixed Office,22.0,55.0,40,-2.14,-3.257,-0.937,2.32,0.816,71.042,99.783,100.0,0.0,0.046
cellular_office__default_male_35__t22p0_rh55,cellular_office,Cellular Office,default_male_35,Default Male Baseline,22.0,55.0,40,-1.199,-1.382,-1.006,0.376,0.088,35.307,44.532,100.0,0.0,0.017
open_office__default_male_35__t22p0_rh55,open_office,Open Office,default_male_35,Default Male Baseline,22.0,55.0,40,-1.198,-1.455,-0.688,0.767,0.168,35.602,48.459,95.0,0.0,0.173
cellular_office__realistic_male__t22p0_rh55,cellular_office,Cellular Office,realistic_male,Realistic Male Office,22.0,55.0,40,-1.27,-1.594,-0.99,0.604,0.131,38.915,56.001,100.0,0.0,0.032
open_office__realistic_male__t22p0_rh55,open_office,Open Office,realistic_male,Realistic Male Office,22.0,55.0,40,-1.268,-1.67,-0.673,0.997,0.186,39.108,60.142,97.5,0.0,0.191
cellular_office__female_light__t22p0_rh55,cellular_office,Cellular Office,female_light,Female Light Office,22.0,55.0,40,-2.857,-3.321,-2.388,0.933,0.223,97.61,99.854,100.0,0.0,0.062
open_office__female_light__t22p0_rh55,open_office,Open Office,female_light,Female Light Office,22.0,55.0,40,-2.844,-3.424,-1.924,1.5,0.296,96.835,99.927,100.0,0.0,0.297
cellular_office__older_mixed__t22p0_rh55,cellular_office,Cellular Office,older_mixed,Older Mixed Office,22.0,55.0,40,-2.343,-3.736,-1.288,2.448,0.864,75.292,99.993,100.0,0.0,-0.177
open_office__older_mixed__t22p0_rh55,open_office,Open Office,older_mixed,Older Mixed Office,22.0,55.0,40,-2.34,-3.752,-1.198,2.554,0.886,74.872,99.994,100.0,0.0,0.019
cellular_office__older_male_formal__t22p0_rh55,cellular_office,Cellular Office,older_male_formal,Older Male Formal,22.0,55.0,40,-1.583,-1.871,-1.294,0.577,0.133,55.392,70.606,100.0,0.0,0.05
open_office__older_male_formal__t22p0_rh55,open_office,Open Office,older_male_formal,Older Male Formal,22.0,55.0,40,-1.583,-1.95,-0.959,0.991,0.197,55.461,74.474,100.0,0.0,0.215
cellular_office__older_female_light__t22p0_rh55,cellular_office,Cellular Office,older_female_light,Older Female Light,22.0,55.0,40,-3.553,-4.041,-2.99,1.051,0.276,99.876,100.0,100.0,0.0,0.095
open_office__older_female_light__t22p0_rh55,open_office,Open Office,older_female_light,Older Female Light,22.0,55.0,40,-3.541,-4.19,-2.499,1.691,0.353,99.697,100.0,100.0,0.0,0.347
cellular_office__realistic_mixed__t22p0_rh75,cellular_office,Cellular Office,realistic_mixed,Realistic Mixed Office,22.0,75.0,40,-1.965,-3.085,-0.844,2.241,0.806,66.304,99.426,100.0,0.0,-0.151
open_office__realistic_mixed__t22p0_rh75,open_office,Open Office,realistic_mixed,Realistic Mixed Office,22.0,75.0,40,-1.956,-3.057,-0.759,2.298,0.806,65.908,99.337,95.0,0.0,0.051
cellular_office__default_male_35__t22p0_rh75,cellular_office,Cellular Office,default_male_35,Default Male Baseline,22.0,75.0,40,-1.027,-1.21,-0.834,0.376,0.088,27.426,35.715,97.5,0.0,0.018
open_office__default_male_35__t22p0_rh75,open_office,Open Office,default_male_35,Default Male Baseline,22.0,75.0,40,-1.027,-1.283,-0.514,0.769,0.169,27.798,39.416,85.0,0.0,0.175
cellular_office__realistic_male__t22p0_rh75,cellular_office,Cellular Office,realistic_male,Realistic Male Office,22.0,75.0,40,-1.096,-1.416,-0.819,0.597,0.129,30.606,46.355,97.5,0.0,0.033
open_office__realistic_male__t22p0_rh75,open_office,Open Office,realistic_male,Realistic Male Office,22.0,75.0,40,-1.095,-1.493,-0.5,0.993,0.186,30.88,50.502,87.5,0.0,0.193
cellular_office__female_light__t22p0_rh75,cellular_office,Cellular Office,female_light,Female Light Office,22.0,75.0,40,-2.666,-3.127,-2.202,0.925,0.22,95.37,99.542,100.0,0.0,0.062
open_office__female_light__t22p0_rh75,open_office,Open Office,female_light,Female Light Office,22.0,75.0,40,-2.654,-3.231,-1.735,1.496,0.295,94.374,99.747,100.0,0.0,0.299
cellular_office__older_mixed__t22p0_rh75,cellular_office,Cellular Office,older_mixed,Older Mixed Office,22.0,75.0,40,-2.148,-3.52,-1.109,2.411,0.851,69.55,99.963,100.0,0.0,-0.173
open_office__older_mixed__t22p0_rh75,open_office,Open Office,older_mixed,Older Mixed Office,22.0,75.0,40,-2.144,-3.54,-1.01,2.53,0.874,69.08,99.968,100.0,0.0,0.023
cellular_office__older_male_formal__t22p0_rh75,cellular_office,Cellular Office,older_male_formal,Older Male Formal,22.0,75.0,40,-1.396,-1.681,-1.111,0.57,0.132,45.451,60.741,100.0,0.0,0.05
open_office__older_male_formal__t22p0_rh75,open_office,Open Office,older_male_formal,Older Male Formal,22.0,75.0,40,-1.397,-1.761,-0.773,0.988,0.197,45.68,65.014,97.5,0.0,0.217
cellular_office__older_female_light__t22p0_rh75,cellular_office,Cellular Office,older_female_light,Older Female Light,22.0,75.0,40,-3.341,-3.826,-2.786,1.04,0.272,99.635,99.997,100.0,0.0,0.094
open_office__older_female_light__t22p0_rh75,open_office,Open Office,older_female_light,Older Female Light,22.0,75.0,40,-3.33,-3.973,-2.29,1.683,0.351,99.293,99.999,100.0,0.0,0.348
cellular_office__realistic_mixed__t22p0_rh80,cellular_office,Cellular Office,realistic_mixed,Realistic Mixed Office,22.0,80.0,40,-1.919,-3.034,-0.802,2.232,0.803,65.011,99.256,97.5,0.0,-0.15
open_office__realistic_mixed__t22p0_rh80,open_office,Open Office,realistic_mixed,Realistic Mixed Office,22.0,80.0,40,-1.909,-3.007,-0.715,2.292,0.803,64.581,99.147,95.0,0.0,0.052
cellular_office__default_male_35__t22p0_rh80,cellular_office,Cellular Office,default_male_35,Default Male Baseline,22.0,80.0,40,-0.984,-1.167,-0.791,0.376,0.088,25.616,33.628,92.5,0.0,0.018
open_office__default_male_35__t22p0_rh80,open_office,Open Office,default_male_35,Default Male Baseline,22.0,80.0,40,-0.984,-1.24,-0.471,0.769,0.169,26.002,37.249,77.5,0.0,0.176
cellular_office__realistic_male__t22p0_rh80,cellular_office,Cellular Office,realistic_male,Realistic Male Office,22.0,80.0,40,-1.052,-1.371,-0.776,0.595,0.128,28.673,43.99,95.0,0.0,0.033
open_office__realistic_male__t22p0_rh80,open_office,Open Office,realistic_male,Realistic Male Office,22.0,80.0,40,-1.051,-1.448,-0.457,0.991,0.186,28.964,48.103,85.0,0.0,0.194
cellular_office__female_light__t22p0_rh80,cellular_office,Cellular Office,female_light,Female Light Office,22.0,80.0,40,-2.619,-3.078,-2.155,0.923,0.22,94.617,99.406,100.0,0.0,0.062
open_office__female_light__t22p0_rh80,open_office,Open Office,female_light,Female Light Office,22.0,80.0,40,-2.606,-3.183,-1.688,1.495,0.295,93.573,99.665,100.0,0.0,0.299
cellular_office__older_mixed__t22p0_rh80,cellular_office,Cellular Office,older_mixed,Older Mixed Office,22.0,80.0,40,-2.099,-3.466,-1.064,2.402,0.848,68.097,99.945,100.0,0.0,-0.172
open_office__older_mixed__t22p0_rh80,open_office,Open Office,older_mixed,Older Mixed Office,22.0,80.0,40,-2.095,-3.487,-0.962,2.525,0.871,67.615,99.953,100.0,0.0,0.025
cellular_office__older_male_formal__t22p0_rh80,cellular_office,Cellular Office,older_male_formal,Older Male Formal,22.0,80.0,40,-1.35,-1.634,-1.065,0.569,0.131,43.019,58.182,100.0,0.0,0.05
open_office__older_male_formal__t22p0_rh80,open_office,Open Office,older_male_formal,Older Male Formal,22.0,80.0,40,-1.35,-1.714,-0.727,0.987,0.197,43.283,62.514,97.5,0.0,0.217
cellular_office__older_female_light__t22p0_rh80,cellular_office,Cellular Office,older_female_light,Older Female Light,22.0,80.0,40,-3.289,-3.772,-2.735,1.037,0.271,99.531,99.995,100.0,0.0,0.094
open_office__older_female_light__t22p0_rh80,open_office,Open Office,older_female_light,Older Female Light,22.0,80.0,40,-3.277,-3.919,-2.238,1.681,0.351,99.138,99.999,100.0,0.0,0.348
cellular_office__realistic_mixed__t23p5_rh35,cellular_office,Cellular Office,realistic_mixed,Realistic Mixed Office,23.5,35.0,40,-1.703,-2.722,-0.687,2.035,0.729,59.027,97.004,90.0,0.0,-0.133
open_office__realistic_mixed__t23p5_rh35,open_office,Open Office,realistic_mixed,Realistic Mixed Office,23.5,35.0,40,-1.697,-2.714,-0.587,2.127,0.734,58.603,96.905,85.0,0.0,0.062
cellular_office__default_male_35__t23p5_rh35,cellular_office,Cellular Office,default_male_35,Default Male Baseline,23.5,35.0,40,-0.852,-1.009,-0.692,0.317,0.077,20.449,26.495,55.0,0.0,0.014
open_office__default_male_35__t23p5_rh35,open_office,Open Office,default_male_35,Default Male Baseline,23.5,35.0,40,-0.85,-1.083,-0.364,0.719,0.16,20.785,29.743,62.5,0.0,0.173
cellular_office__realistic_male__t23p5_rh35,cellular_office,Cellular Office,realistic_male,Realistic Male Office,23.5,35.0,40,-0.917,-1.205,-0.677,0.528,0.116,23.043,35.471,72.5,0.0,0.028
open_office__realistic_male__t23p5_rh35,open_office,Open Office,realistic_male,Realistic Male Office,23.5,35.0,40,-0.915,-1.282,-0.35,0.932,0.176,23.299,39.334,72.5,0.0,0.19
cellular_office__female_light__t23p5_rh35,cellular_office,Cellular Office,female_light,Female Light Office,23.5,35.0,40,-2.325,-2.737,-1.898,0.839,0.203,88.007,97.175,100.0,0.0,0.066
open_office__female_light__t23p5_rh35,open_office,Open Office,female_light,Female Light Office,23.5,35.0,40,-2.319,-2.842,-1.457,1.385,0.276,87.081,98.167,100.0,0.0,0.29
cellular_office__older_mixed__t23p5_rh35,cellular_office,Cellular Office,older_mixed,Older Mixed Office,23.5,35.0,40,-1.896,-3.152,-0.947,2.205,0.777,63.109,99.601,100.0,0.0,-0.155
open_office__older_mixed__t23p5_rh35,open_office,Open Office,older_mixed,Older Mixed Office,23.5,35.0,40,-1.895,-3.181,-0.832,2.349,0.802,62.612,99.661,97.5,0.0,0.036
cellular_office__older_male_formal__t23p5_rh35,cellular_office,Cellular Office,older_male_formal,Older Male Formal,23.5,35.0,40,-1.218,-1.465,-0.966,0.499,0.118,36.321,49.027,100.0,0.0,0.042
open_office__older_male_formal__t23p5_rh35,open_office,Open Office,older_male_formal,Older Male Formal,23.5,35.0,40,-1.215,-1.546,-0.619,0.927,0.187,36.517,53.405,97.5,0.0,0.213
cellular_office__older_female_light__t23p5_rh35,cellular_office,Cellular Office,older_female_light,Older Female Light,23.5,35.0,40,-2.979,-3.428,-2.469,0.959,0.251,98.365,99.929,100.0,0.0,0.097
open_office__older_female_light__t23p5_rh35,open_office,Open Office,older_female_light,Older Female Light,23.5,35.0,40,-2.975,-3.573,-1.996,1.577,0.328,97.725,99.975,100.0,0.0,0.337
cellular_office__realistic_mixed__t23p5_rh55,cellular_office,Cellular Office,realistic_mixed,Realistic Mixed Office,23.5,55.0,40,-1.5,-2.503,-0.501,2.002,0.717,52.092,93.488,60.0,0.0,-0.13
open_office__realistic_mixed__t23p5_rh55,open_office,Open Office,realistic_mixed,Realistic Mixed Office,23.5,55.0,40,-1.494,-2.495,-0.392,2.103,0.723,51.673,93.331,65.0,0.0,0.067
cellular_office__default_male_35__t23p5_rh55,cellular_office,Cellular Office,default_male_35,Default Male Baseline,23.5,55.0,40,-0.664,-0.82,-0.504,0.316,0.077,14.398,19.199,0.0,0.0,0.015
open_office__default_male_35__t23p5_rh55,open_office,Open Office,default_male_35,Default Male Baseline,23.5,55.0,40,-0.662,-0.895,-0.174,0.721,0.161,14.769,21.919,2.5,0.0,0.175
cellular_office__realistic_male__t23p5_rh55,cellular_office,Cellular Office,realistic_male,Realistic Male Office,23.5,55.0,40,-0.727,-1.01,-0.49,0.52,0.114,16.409,26.532,17.5,0.0,0.029
open_office__realistic_male__t23p5_rh55,open_office,Open Office,realistic_male,Realistic Male Office,23.5,55.0,40,-0.725,-1.087,-0.161,0.926,0.175,16.712,29.945,22.5,0.0,0.192
cellular_office__female_light__t23p5_rh55,cellular_office,Cellular Office,female_light,Female Light Office,23.5,55.0,40,-2.117,-2.525,-1.694,0.831,0.2,80.845,93.936,100.0,0.0,0.066
open_office__female_light__t23p5_rh55,open_office,Open Office,female_light,Female Light Office,23.5,55.0,40,-2.111,-2.63,-1.251,1.379,0.275,80.012,95.771,100.0,0.0,0.292
cellular_office__older_mixed__t23p5_rh55,cellular_office,Cellular Office,older_mixed,Older Mixed Office,23.5,55.0,40,-1.682,-2.915,-0.75,2.165,0.763,56.248,98.676,95.0,0.0,-0.151
open_office__older_mixed__t23p5_rh55,open_office,Open Office,older_mixed,Older Mixed Office,23.5,55.0,40,-1.681,-2.949,-0.625,2.324,0.79,55.825,98.867,87.5,0.0,0.042
cellular_office__older_male_formal__t23p5_rh55,cellular_office,Cellular Office,older_male_formal,Older Male Formal,23.5,55.0,40,-1.014,-1.258,-0.765,0.493,0.116,26.958,38.126,90.0,0.0,0.042
open_office__older_male_formal__t23p5_rh55,open_office,Open Office,older_male_formal,Older Male Formal,23.5,55.0,40,-1.011,-1.339,-0.416,0.923,0.187,27.262,42.296,80.0,0.0,0.214
cellular_office__older_female_light__t23p5_rh55,cellular_office,Cellular Office,older_female_light,Older Female Light,23.5,55.0,40,-2.747,-3.193,-2.244,0.949,0.247,96.243,99.685,100.0,0.0,0.096
open_office__older_female_light__t23p5_rh55,open_office,Open Office,older_female_light,Older Female Light,23.5,55.0,40,-2.743,-3.335,-1.768,1.567,0.326,95.344,99.867,100.0,0.0,0.338
cellular_office__realistic_mixed__t23p5_rh75,cellular_office,Cellular Office,realistic_mixed,Realistic Mixed Office,23.5,75.0,40,-1.298,-2.283,-0.316,1.967,0.705,44.787,87.727,55.0,0.0,-0.127
open_office__realistic_mixed__t23p5_rh75,open_office,Open Office,realistic_mixed,Realistic Mixed Office,23.5,75.0,40,-1.291,-2.276,-0.197,2.079,0.711,44.431,87.52,57.5,0.0,0.071
cellular_office__default_male_35__t23p5_rh75,cellular_office,Cellular Office,default_male_35,Default Male Baseline,23.5,75.0,40,-0.476,-0.632,-0.316,0.316,0.077,9.866,13.385,0.0,0.0,0.016
open_office__default_male_35__t23p5_rh75,open_office,Open Office,default_male_35,Default Male Baseline,23.5,75.0,40,-0.474,-0.707,0.016,0.723,0.162,10.258,15.522,0.0,0.0,0.177
cellular_office__realistic_male__t23p5_rh75,cellular_office,Cellular Office,realistic_male,Realistic Male Office,23.5,75.0,40,-0.537,-0.815,-0.302,0.513,0.112,11.307,19.006,0.0,0.0,0.029
open_office__realistic_male__t23p5_rh75,open_office,Open Office,realistic_male,Realistic Male Office,23.5,75.0,40,-0.535,-0.893,0.029,0.922,0.176,11.641,21.846,2.5,0.0,0.194
cellular_office__female_light__t23p5_rh75,cellular_office,Cellular Office,female_light,Female Light Office,23.5,75.0,40,-1.908,-2.312,-1.49,0.822,0.197,71.84,88.637,100.0,0.0,0.065
open_office__female_light__t23p5_rh75,open_office,Open Office,female_light,Female Light Office,23.5,75.0,40,-1.903,-2.418,-1.044,1.374,0.274,71.225,91.56,100.0,0.0,0.293
cellular_office__older_mixed__t23p5_rh75,cellular_office,Cellular Office,older_mixed,Older Mixed Office,23.5,75.0,40,-1.467,-2.679,-0.553,2.126,0.749,49.214,96.458,65.0,0.0,-0.148
open_office__older_mixed__t23p5_rh75,open_office,Open Office,older_mixed,Older Mixed Office,23.5,75.0,40,-1.466,-2.717,-0.419,2.298,0.777,48.957,96.936,72.5,0.0,0.047
cellular_office__older_male_formal__t23p5_rh75,cellular_office,Cellular Office,older_male_formal,Older Male Formal,23.5,75.0,40,-0.81,-1.05,-0.564,0.486,0.114,19.102,28.291,37.5,0.0,0.042
open_office__older_male_formal__t23p5_rh75,open_office,Open Office,older_male_formal,Older Male Formal,23.5,75.0,40,-0.807,-1.132,-0.213,0.919,0.187,19.475,32.002,55.0,0.0,0.216
cellular_office__older_female_light__t23p5_rh75,cellular_office,Cellular Office,older_female_light,Older Female Light,23.5,75.0,40,-2.516,-2.958,-2.018,0.94,0.244,92.414,98.917,100.0,0.0,0.095
open_office__older_female_light__t23p5_rh75,open_office,Open Office,older_female_light,Older Female Light,23.5,75.0,40,-2.512,-3.097,-1.539,1.558,0.325,91.341,99.463,100.0,0.0,0.339
cellular_office__realistic_mixed__t23p5_rh80,cellular_office,Cellular Office,realistic_mixed,Realistic Mixed Office,23.5,80.0,40,-1.247,-2.228,-0.269,1.959,0.702,42.934,85.903,55.0,0.0,-0.126
open_office__realistic_mixed__t23p5_rh80,open_office,Open Office,realistic_mixed,Realistic Mixed Office,23.5,80.0,40,-1.241,-2.222,-0.148,2.074,0.709,42.602,85.687,57.5,0.0,0.072
cellular_office__default_male_35__t23p5_rh80,cellular_office,Cellular Office,default_male_35,Default Male Baseline,23.5,80.0,40,-0.429,-0.585,-0.269,0.316,0.077,8.971,12.171,0.0,0.0,0.016
open_office__default_male_35__t23p5_rh80,open_office,Open Office,default_male_35,Default Male Baseline,23.5,80.0,40,-0.427,-0.66,0.064,0.724,0.162,9.368,14.159,0.0,0.0,0.178
cellular_office__realistic_male__t23p5_rh80,cellular_office,Cellular Office,realistic_male,Realistic Male Office,23.5,80.0,40,-0.489,-0.766,-0.256,0.51,0.111,10.275,17.369,0.0,0.0,0.029
open_office__realistic_male__t23p5_rh80,open_office,Open Office,realistic_male,Realistic Male Office,23.5,80.0,40,-0.487,-0.845,0.076,0.921,0.175,10.615,20.055,2.5,0.0,0.194
cellular_office__female_light__t23p5_rh80,cellular_office,Cellular Office,female_light,Female Light Office,23.5,80.0,40,-1.856,-2.259,-1.439,0.82,0.196,69.355,86.956,100.0,0.0,0.066
open_office__female_light__t23p5_rh80,open_office,Open Office,female_light,Female Light Office,23.5,80.0,40,-1.85,-2.365,-0.993,1.372,0.274,68.807,90.169,100.0,0.0,0.293
cellular_office__older_mixed__t23p5_rh80,cellular_office,Cellular Office,older_mixed,Older Mixed Office,23.5,80.0,40,-1.414,-2.619,-0.503,2.116,0.746,47.432,95.605,60.0,0.0,-0.147
open_office__older_mixed__t23p5_rh80,open_office,Open Office,older_mixed,Older Mixed Office,23.5,80.0,40,-1.413,-2.659,-0.367,2.292,0.774,47.23,96.186,67.5,0.0,0.048
cellular_office__older_male_formal__t23p5_rh80,cellular_office,Cellular Office,older_male_formal,Older Male Formal,23.5,80.0,40,-0.759,-0.999,-0.514,0.485,0.114,17.402,26.059,27.5,0.0,0.042
open_office__older_male_formal__t23p5_rh80,open_office,Open Office,older_male_formal,Older Male Formal,23.5,80.0,40,-0.756,-1.08,-0.162,0.918,0.187,17.788,29.627,40.0,0.0,0.217
cellular_office__older_female_light__t23p5_rh80,cellular_office,Cellular Office,older_female_light,Older Female Light,23.5,80.0,40,-2.458,-2.899,-1.962,0.937,0.243,91.125,98.576,100.0,0.0,0.095
open_office__older_female_light__t23p5_rh80,open_office,Open Office,older_female_light,Older Female Light,23.5,80.0,40,-2.454,-3.038,-1.482,1.556,0.325,90.033,99.268,100.0,0.0,0.339
cellular_office__realistic_mixed__t25p0_rh35,cellular_office,Cellular Office,realistic_mixed,Realistic Mixed Office,25.0,35.0,40,-1.075,-1.955,-0.204,1.751,0.629,35.553,74.703,55.0,0.0,-0.11
open_office__realistic_mixed__t25p0_rh35,open_office,Open Office,realistic_mixed,Realistic Mixed Office,25.0,35.0,40,-1.069,-1.974,-0.053,1.921,0.641,35.428,75.588,52.5,0.0,0.079
cellular_office__default_male_35__t25p0_rh35,cellular_office,Cellular Office,default_male_35,Default Male Baseline,25.0,35.0,40,-0.341,-0.472,-0.2,0.272,0.065,7.509,9.66,0.0,0.0,0.013
open_office__default_male_35__t25p0_rh35,open_office,Open Office,default_male_35,Default Male Baseline,25.0,35.0,40,-0.333,-0.538,0.139,0.677,0.156,7.825,11.065,0.0,0.0,0.168
cellular_office__realistic_male__t25p0_rh35,cellular_office,Cellular Office,realistic_male,Realistic Male Office,25.0,35.0,40,-0.399,-0.64,-0.187,0.453,0.1,8.527,13.585,0.0,0.0,0.025
open_office__realistic_male__t25p0_rh35,open_office,Open Office,realistic_male,Realistic Male Office,25.0,35.0,40,-0.391,-0.715,0.15,0.865,0.168,8.781,15.751,0.0,0.0,0.184
cellular_office__female_light__t25p0_rh35,cellular_office,Cellular Office,female_light,Female Light Office,25.0,35.0,40,-1.604,-1.96,-1.235,0.725,0.179,56.477,74.906,100.0,0.0,0.067
open_office__female_light__t25p0_rh35,open_office,Open Office,female_light,Female Light Office,25.0,35.0,40,-1.603,-2.066,-0.796,1.27,0.256,56.535,79.66,97.5,0.0,0.286
cellular_office__older_mixed__t25p0_rh35,cellular_office,Cellular Office,older_mixed,Older Mixed Office,25.0,35.0,40,-1.259,-2.351,-0.439,1.912,0.675,41.82,89.769,47.5,0.0,-0.134
open_office__older_mixed__t25p0_rh35,open_office,Open Office,older_mixed,Older Mixed Office,25.0,35.0,40,-1.255,-2.397,-0.272,2.125,0.706,41.753,91.013,52.5,0.0,0.056
cellular_office__older_male_formal__t25p0_rh35,cellular_office,Cellular Office,older_male_formal,Older Male Formal,25.0,35.0,40,-0.672,-0.884,-0.444,0.44,0.104,14.716,21.498,2.5,0.0,0.039
open_office__older_male_formal__t25p0_rh35,open_office,Open Office,older_male_formal,Older Male Formal,25.0,35.0,40,-0.663,-0.956,-0.089,0.867,0.18,14.933,24.295,12.5,0.0,0.205
cellular_office__older_female_light__t25p0_rh35,cellular_office,Cellular Office,older_female_light,Older Female Light,25.0,35.0,40,-2.196,-2.597,-1.751,0.846,0.222,83.627,95.253,100.0,0.0,0.093
open_office__older_female_light__t25p0_rh35,open_office,Open Office,older_female_light,Older Female Light,25.0,35.0,40,-2.196,-2.743,-1.275,1.468,0.305,82.767,97.237,100.0,0.0,0.331
cellular_office__realistic_mixed__t25p0_rh55,cellular_office,Cellular Office,realistic_mixed,Realistic Mixed Office,25.0,55.0,40,-0.853,-1.715,-0.001,1.714,0.616,27.648,62.549,55.0,0.0,-0.107
open_office__realistic_mixed__t25p0_rh55,open_office,Open Office,realistic_mixed,Realistic Mixed Office,25.0,55.0,40,-0.847,-1.735,0.16,1.895,0.629,27.672,63.616,52.5,0.0,0.084
cellular_office__default_male_35__t25p0_rh55,cellular_office,Cellular Office,default_male_35,Default Male Baseline,25.0,55.0,40,-0.135,-0.267,0.005,0.272,0.065,5.468,6.482,0.0,0.0,0.014
open_office__default_male_35__t25p0_rh55,open_office,Open Office,default_male_35,Default Male Baseline,25.0,55.0,40,-0.128,-0.333,0.347,0.68,0.157,5.852,7.5,0.0,0.0,0.171
cellular_office__realistic_male__t25p0_rh55,cellular_office,Cellular Office,realistic_male,Realistic Male Office,25.0,55.0,40,-0.191,-0.426,0.018,0.444,0.098,5.955,8.791,0.0,0.0,0.026
open_office__realistic_male__t25p0_rh55,open_office,Open Office,realistic_male,Realistic Male Office,25.0,55.0,40,-0.183,-0.502,0.358,0.86,0.168,6.282,10.274,0.0,0.0,0.186
cellular_office__female_light__t25p0_rh55,cellular_office,Cellular Office,female_light,Female Light Office,25.0,55.0,40,-1.376,-1.727,-1.012,0.715,0.175,44.467,63.199,100.0,0.0,0.067
open_office__female_light__t25p0_rh55,open_office,Open Office,female_light,Female Light Office,25.0,55.0,40,-1.375,-1.834,-0.57,1.264,0.255,44.82,68.778,97.5,0.0,0.287
cellular_office__older_mixed__t25p0_rh55,cellular_office,Cellular Office,older_mixed,Older Mixed Office,25.0,55.0,40,-1.024,-2.092,-0.224,1.868,0.661,33.554,80.741,45.0,0.0,-0.13
open_office__older_mixed__t25p0_rh55,open_office,Open Office,older_mixed,Older Mixed Office,25.0,55.0,40,-1.02,-2.143,-0.046,2.097,0.692,33.802,82.779,45.0,0.0,0.062
cellular_office__older_male_formal__t25p0_rh55,cellular_office,Cellular Office,older_male_formal,Older Male Formal,25.0,55.0,40,-0.448,-0.657,-0.224,0.433,0.102,9.42,14.066,0.0,0.0,0.039
open_office__older_male_formal__t25p0_rh55,open_office,Open Office,older_male_formal,Older Male Formal,25.0,55.0,40,-0.44,-0.729,0.134,0.863,0.18,9.728,16.197,0.0,0.0,0.207
cellular_office__older_female_light__t25p0_rh55,cellular_office,Cellular Office,older_female_light,Older Female Light,25.0,55.0,40,-1.943,-2.34,-1.507,0.833,0.218,73.337,89.462,100.0,0.0,0.092
open_office__older_female_light__t25p0_rh55,open_office,Open Office,older_female_light,Older Female Light,25.0,55.0,40,-1.943,-2.483,-1.026,1.457,0.303,72.802,93.059,100.0,0.0,0.332
cellular_office__realistic_mixed__t25p0_rh75,cellular_office,Cellular Office,realistic_mixed,Realistic Mixed Office,25.0,75.0,40,-0.632,-1.475,0.201,1.676,0.603,20.93,49.52,52.5,0.0,-0.103
open_office__realistic_mixed__t25p0_rh75,open_office,Open Office,realistic_mixed,Realistic Mixed Office,25.0,75.0,40,-0.626,-1.496,0.374,1.87,0.616,21.088,50.666,45.0,0.0,0.089
cellular_office__default_male_35__t25p0_rh75,cellular_office,Cellular Office,default_male_35,Default Male Baseline,25.0,75.0,40,0.07,-0.062,0.211,0.273,0.066,5.191,5.923,0.0,0.0,0.015
open_office__default_male_35__t25p0_rh75,open_office,Open Office,default_male_35,Default Male Baseline,25.0,75.0,40,0.078,-0.127,0.555,0.682,0.159,5.649,11.441,0.0,0.0,0.173
cellular_office__realistic_male__t25p0_rh75,cellular_office,Cellular Office,realistic_male,Realistic Male Office,25.0,75.0,40,0.017,-0.213,0.223,0.436,0.096,5.197,6.029,0.0,0.0,0.026
open_office__realistic_male__t25p0_rh75,open_office,Open Office,realistic_male,Realistic Male Office,25.0,75.0,40,0.025,-0.29,0.565,0.855,0.168,5.601,11.694,0.0,0.0,0.188
cellular_office__female_light__t25p0_rh75,cellular_office,Cellular Office,female_light,Female Light Office,25.0,75.0,40,-1.148,-1.495,-0.789,0.706,0.172,33.194,50.609,95.0,0.0,0.067
open_office__female_light__t25p0_rh75,open_office,Open Office,female_light,Female Light Office,25.0,75.0,40,-1.147,-1.602,-0.345,1.257,0.255,33.764,56.479,85.0,0.0,0.288
cellular_office__older_mixed__t25p0_rh75,cellular_office,Cellular Office,older_mixed,Older Mixed Office,25.0,75.0,40,-0.79,-1.833,-0.008,1.825,0.646,25.973,68.719,45.0,0.0,-0.126
open_office__older_mixed__t25p0_rh75,open_office,Open Office,older_mixed,Older Mixed Office,25.0,75.0,40,-0.786,-1.889,0.181,2.07,0.678,26.498,71.522,42.5,0.0,0.068
cellular_office__older_male_formal__t25p0_rh75,cellular_office,Cellular Office,older_male_formal,Older Male Formal,25.0,75.0,40,-0.225,-0.43,-0.005,0.425,0.1,6.262,8.855,0.0,0.0,0.039
open_office__older_male_formal__t25p0_rh75,open_office,Open Office,older_male_formal,Older Male Formal,25.0,75.0,40,-0.216,-0.503,0.356,0.859,0.181,6.655,10.288,0.0,0.0,0.209
cellular_office__older_female_light__t25p0_rh75,cellular_office,Cellular Office,older_female_light,Older Female Light,25.0,75.0,40,-1.69,-2.083,-1.261,0.822,0.214,60.96,80.36,100.0,0.0,0.091
open_office__older_female_light__t25p0_rh75,open_office,Open Office,older_female_light,Older Female Light,25.0,75.0,40,-1.69,-2.222,-0.776,1.446,0.302,60.884,85.695,97.5,0.0,0.333
cellular_office__realistic_mixed__t25p0_rh80,cellular_office,Cellular Office,realistic_mixed,Realistic Mixed Office,25.0,80.0,40,-0.576,-1.414,0.252,1.666,0.599,19.493,46.284,50.0,0.0,-0.103
open_office__realistic_mixed__t25p0_rh80,open_office,Open Office,realistic_mixed,Realistic Mixed Office,25.0,80.0,40,-0.57,-1.436,0.427,1.863,0.613,19.681,47.432,45.0,0.0,0.09
cellular_office__default_male_35__t25p0_rh80,cellular_office,Cellular Office,default_male_35,Default Male Baseline,25.0,80.0,40,0.122,-0.011,0.262,0.273,0.065,5.396,6.429,0.0,0.0,0.015
open_office__default_male_35__t25p0_rh80,open_office,Open Office,default_male_35,Default Male Baseline,25.0,80.0,40,0.129,-0.076,0.607,0.683,0.159,5.874,12.719,0.0,0.0,0.174
cellular_office__realistic_male__t25p0_rh80,cellular_office,Cellular Office,realistic_male,Realistic Male Office,25.0,80.0,40,0.069,-0.16,0.274,0.434,0.095,5.288,6.559,0.0,0.0,0.026
open_office__realistic_male__t25p0_rh80,open_office,Open Office,realistic_male,Realistic Male Office,25.0,80.0,40,0.077,-0.237,0.617,0.854,0.168,5.713,12.991,0.0,0.0,0.188
cellular_office__female_light__t25p0_rh80,cellular_office,Cellular Office,female_light,Female Light Office,25.0,80.0,40,-1.091,-1.437,-0.733,0.704,0.172,30.589,47.467,92.5,0.0,0.067
open_office__female_light__t25p0_rh80,open_office,Open Office,female_light,Female Light Office,25.0,80.0,40,-1.09,-1.544,-0.288,1.256,0.255,31.198,53.321,82.5,0.0,0.289
cellular_office__older_mixed__t25p0_rh80,cellular_office,Cellular Office,older_mixed,Older Mixed Office,25.0,80.0,40,-0.731,-1.768,0.046,1.814,0.642,24.255,65.377,45.0,0.0,-0.125
open_office__older_mixed__t25p0_rh80,open_office,Open Office,older_mixed,Older Mixed Office,25.0,80.0,40,-0.727,-1.826,0.237,2.063,0.675,24.838,68.341,42.5,0.0,0.07
cellular_office__older_male_formal__t25p0_rh80,cellular_office,Cellular Office,older_male_formal,Older Male Formal,25.0,80.0,40,-0.169,-0.373,0.05,0.423,0.1,5.801,7.9,0.0,0.0,0.04
open_office__older_male_formal__t25p0_rh80,open_office,Open Office,older_male_formal,Older Male Formal,25.0,80.0,40,-0.161,-0.446,0.411,0.857,0.181,6.216,9.158,0.0,0.0,0.21
cellular_office__older_female_light__t25p0_rh80,cellular_office,Cellular Office,older_female_light,Older Female Light,25.0,80.0,40,-1.627,-2.018,-1.199,0.819,0.213,57.68,77.591,100.0,0.0,0.091
open_office__older_female_light__t25p0_rh80,open_office,Open Office,older_female_light,Older Female Light,25.0,80.0,40,-1.626,-2.157,-0.714,1.443,0.301,57.724,83.317,97.5,0.0,0.333
cellular_office__realistic_mixed__t28p0_rh35,cellular_office,Cellular Office,realistic_mixed,Realistic Mixed Office,28.0,35.0,40,0.16,-0.49,0.776,1.266,0.447,9.716,17.705,0.0,0.0,-0.062
open_office__realistic_mixed__t28p0_rh35,open_office,Open Office,realistic_mixed,Realistic Mixed Office,28.0,35.0,40,0.177,-0.512,1.033,1.545,0.465,10.197,27.532,0.0,7.5,0.124
cellular_office__default_male_35__t28p0_rh35,cellular_office,Cellular Office,default_male_35,Default Male Baseline,28.0,35.0,40,0.682,0.563,0.8,0.237,0.057,14.845,18.498,0.0,0.0,0.029
open_office__default_male_35__t28p0_rh35,open_office,Open Office,default_male_35,Default Male Baseline,28.0,35.0,40,0.694,0.526,1.161,0.635,0.163,15.684,33.352,0.0,22.5,0.184
cellular_office__realistic_male__t28p0_rh35,cellular_office,Cellular Office,realistic_male,Realistic Male Office,28.0,35.0,40,0.639,0.463,0.81,0.347,0.08,13.698,18.828,0.0,0.0,0.038
open_office__realistic_male__t28p0_rh35,open_office,Open Office,realistic_male,Realistic Male Office,28.0,35.0,40,0.651,0.393,1.169,0.776,0.168,14.503,33.755,0.0,17.5,0.197
cellular_office__female_light__t28p0_rh35,cellular_office,Cellular Office,female_light,Female Light Office,28.0,35.0,40,-0.201,-0.437,0.075,0.512,0.13,6.19,8.983,0.0,0.0,0.059
open_office__female_light__t28p0_rh35,open_office,Open Office,female_light,Female Light Office,28.0,35.0,40,-0.182,-0.527,0.547,1.074,0.232,6.811,11.264,0.0,0.0,0.266
cellular_office__older_mixed__t28p0_rh35,cellular_office,Cellular Office,older_mixed,Older Mixed Office,28.0,35.0,40,0.002,-0.816,0.589,1.405,0.491,10.044,19.026,0.0,0.0,-0.078
open_office__older_mixed__t28p0_rh35,open_office,Open Office,older_mixed,Older Mixed Office,28.0,35.0,40,0.017,-0.839,0.868,1.707,0.528,10.852,20.908,0.0,2.5,0.111
cellular_office__older_male_formal__t28p0_rh35,cellular_office,Cellular Office,older_male_formal,Older Male Formal,28.0,35.0,40,0.423,0.272,0.609,0.337,0.084,8.891,12.77,0.0,0.0,0.049
open_office__older_male_formal__t28p0_rh35,open_office,Open Office,older_male_formal,Older Male Formal,28.0,35.0,40,0.436,0.198,0.989,0.791,0.182,9.683,25.674,0.0,5.0,0.218
cellular_office__older_female_light__t28p0_rh35,cellular_office,Cellular Office,older_female_light,Older Female Light,28.0,35.0,40,-0.67,-0.976,-0.333,0.643,0.166,15.029,25.108,20.0,0.0,0.083
open_office__older_female_light__t28p0_rh35,open_office,Open Office,older_female_light,Older Female Light,28.0,35.0,40,-0.651,-1.088,0.181,1.269,0.273,15.489,29.957,25.0,0.0,0.308
cellular_office__realistic_mixed__t28p0_rh55,cellular_office,Cellular Office,realistic_mixed,Realistic Mixed Office,28.0,55.0,40,0.424,-0.204,1.02,1.224,0.431,12.71,26.972,0.0,30.0,-0.058
open_office__realistic_mixed__t28p0_rh55,open_office,Open Office,realistic_mixed,Realistic Mixed Office,28.0,55.0,40,0.441,-0.227,1.288,1.515,0.452,13.391,39.628,0.0,17.5,0.13
cellular_office__default_male_35__t28p0_rh55,cellular_office,Cellular Office,default_male_35,Default Male Baseline,28.0,55.0,40,0.927,0.808,1.045,0.237,0.057,23.226,28.072,0.0,90.0,0.03
open_office__default_male_35__t28p0_rh55,open_office,Open Office,default_male_35,Default Male Baseline,28.0,55.0,40,0.939,0.771,1.409,0.638,0.165,24.126,45.986,0.0,65.0,0.187
cellular_office__realistic_male__t28p0_rh55,cellular_office,Cellular Office,realistic_male,Realistic Male Office,28.0,55.0,40,0.887,0.718,1.054,0.336,0.077,21.727,28.465,0.0,67.5,0.039
open_office__realistic_male__t28p0_rh55,open_office,Open Office,realistic_male,Realistic Male Office,28.0,55.0,40,0.899,0.647,1.417,0.77,0.169,22.619,46.4,0.0,47.5,0.199
cellular_office__female_light__t28p0_rh55,cellular_office,Cellular Office,female_light,Female Light Office,28.0,55.0,40,0.071,-0.16,0.341,0.501,0.126,5.437,7.418,0.0,0.0,0.059
open_office__female_light__t28p0_rh55,open_office,Open Office,female_light,Female Light Office,28.0,55.0,40,0.09,-0.25,0.817,1.067,0.232,6.29,19.061,0.0,0.0,0.268
cellular_office__older_mixed__t28p0_rh55,cellular_office,Cellular Office,older_mixed,Older Mixed Office,28.0,55.0,40,0.282,-0.507,0.846,1.353,0.473,11.377,20.097,0.0,2.5,-0.073
open_office__older_mixed__t28p0_rh55,open_office,Open Office,older_mixed,Older Mixed Office,28.0,55.0,40,0.297,-0.536,1.138,1.674,0.512,12.362,32.264,0.0,12.5,0.117
cellular_office__older_male_formal__t28p0_rh55,cellular_office,Cellular Office,older_male_formal,Older Male Formal,28.0,55.0,40,0.69,0.543,0.871,0.328,0.083,15.152,20.998,0.0,2.5,0.049
open_office__older_male_formal__t28p0_rh55,open_office,Open Office,older_male_formal,Older Male Formal,28.0,55.0,40,0.703,0.468,1.254,0.786,0.183,16.087,37.941,0.0,22.5,0.22
cellular_office__older_female_light__t28p0_rh55,cellular_office,Cellular Office,older_female_light,Older Female Light,28.0,55.0,40,-0.368,-0.669,-0.039,0.63,0.161,8.374,14.393,0.0,0.0,0.081
open_office__older_female_light__t28p0_rh55,open_office,Open Office,older_female_light,Older Female Light,28.0,55.0,40,-0.349,-0.777,0.478,1.255,0.272,9.094,17.719,0.0,0.0,0.309
cellular_office__realistic_mixed__t28p0_rh75,cellular_office,Cellular Office,realistic_mixed,Realistic Mixed Office,28.0,75.0,40,0.688,0.082,1.264,1.182,0.415,18.59,38.413,0.0,45.0,-0.053
open_office__realistic_mixed__t28p0_rh75,open_office,Open Office,realistic_mixed,Realistic Mixed Office,28.0,75.0,40,0.706,0.059,1.542,1.483,0.438,19.447,53.183,0.0,47.5,0.135
cellular_office__default_male_35__t28p0_rh75,cellular_office,Cellular Office,default_male_35,Default Male Baseline,28.0,75.0,40,1.173,1.053,1.291,0.238,0.057,33.973,39.794,0.0,100.0,0.031
open_office__default_male_35__t28p0_rh75,open_office,Open Office,default_male_35,Default Male Baseline,28.0,75.0,40,1.185,1.017,1.657,0.64,0.166,34.827,59.439,0.0,100.0,0.19
cellular_office__realistic_male__t28p0_rh75,cellular_office,Cellular Office,realistic_male,Realistic Male Office,28.0,75.0,40,1.135,0.972,1.299,0.327,0.075,32.229,40.218,0.0,100.0,0.039
open_office__realistic_male__t28p0_rh75,open_office,Open Office,realistic_male,Realistic Male Office,28.0,75.0,40,1.147,0.901,1.664,0.763,0.17,33.109,59.819,0.0,100.0,0.202
cellular_office__female_light__t28p0_rh75,cellular_office,Cellular Office,female_light,Female Light Office,28.0,75.0,40,0.343,0.118,0.607,0.489,0.123,7.774,12.736,0.0,0.0,0.058
open_office__female_light__t28p0_rh75,open_office,Open Office,female_light,Female Light Office,28.0,75.0,40,0.361,0.027,1.086,1.059,0.232,8.868,29.877,0.0,5.0,0.269
cellular_office__older_mixed__t28p0_rh75,cellular_office,Cellular Office,older_mixed,Older Mixed Office,28.0,75.0,40,0.562,-0.199,1.103,1.302,0.456,16.041,30.657,0.0,50.0,-0.068
open_office__older_mixed__t28p0_rh75,open_office,Open Office,older_mixed,Older Mixed Office,28.0,75.0,40,0.576,-0.233,1.407,1.64,0.497,17.169,45.908,0.0,47.5,0.124
cellular_office__older_male_formal__t28p0_rh75,cellular_office,Cellular Office,older_male_formal,Older Male Formal,28.0,75.0,40,0.956,0.814,1.132,0.318,0.08,24.443,32.015,0.0,92.5,0.049
open_office__older_male_formal__t28p0_rh75,open_office,Open Office,older_male_formal,Older Male Formal,28.0,75.0,40,0.969,0.739,1.519,0.78,0.184,25.435,51.944,0.0,77.5,0.222
cellular_office__older_female_light__t28p0_rh75,cellular_office,Cellular Office,older_female_light,Older Female Light,28.0,75.0,40,-0.066,-0.362,0.255,0.617,0.157,5.6,7.72,0.0,0.0,0.08
open_office__older_female_light__t28p0_rh75,open_office,Open Office,older_female_light,Older Female Light,28.0,75.0,40,-0.047,-0.466,0.776,1.242,0.271,6.578,17.694,0.0,0.0,0.311
cellular_office__realistic_mixed__t28p0_rh80,cellular_office,Cellular Office,realistic_mixed,Realistic Mixed Office,28.0,80.0,40,0.755,0.154,1.325,1.171,0.411,20.491,41.537,0.0,45.0,-0.053
open_office__realistic_mixed__t28p0_rh80,open_office,Open Office,realistic_mixed,Realistic Mixed Office,28.0,80.0,40,0.772,0.13,1.606,1.476,0.435,21.384,56.649,0.0,47.5,0.137
cellular_office__default_male_35__t28p0_rh80,cellular_office,Cellular Office,default_male_35,Default Male Baseline,28.0,80.0,40,1.234,1.114,1.352,0.238,0.057,36.97,42.976,0.0,100.0,0.031
open_office__default_male_35__t28p0_rh80,open_office,Open Office,default_male_35,Default Male Baseline,28.0,80.0,40,1.246,1.078,1.719,0.641,0.167,37.792,62.769,0.0,100.0,0.191
cellular_office__realistic_male__t28p0_rh80,cellular_office,Cellular Office,realistic_male,Realistic Male Office,28.0,80.0,40,1.197,1.036,1.36,0.324,0.075,35.189,43.402,0.0,100.0,0.039
open_office__realistic_male__t28p0_rh80,open_office,Open Office,realistic_male,Realistic Male Office,28.0,80.0,40,1.209,0.964,1.726,0.762,0.17,36.045,63.134,0.0,100.0,0.202
cellular_office__female_light__t28p0_rh80,cellular_office,Cellular Office,female_light,Female Light Office,28.0,80.0,40,0.411,0.187,0.674,0.487,0.122,8.846,14.545,0.0,0.0,0.058
open_office__female_light__t28p0_rh80,open_office,Open Office,female_light,Female Light Office,28.0,80.0,40,0.43,0.096,1.153,1.057,0.232,9.998,33.0,0.0,5.0,0.27
cellular_office__older_mixed__t28p0_rh80,cellular_office,Cellular Office,older_mixed,Older Mixed Office,28.0,80.0,40,0.632,-0.122,1.167,1.289,0.451,17.711,33.673,0.0,55.0,-0.067
open_office__older_mixed__t28p0_rh80,open_office,Open Office,older_mixed,Older Mixed Office,28.0,80.0,40,0.646,-0.157,1.475,1.632,0.493,18.864,49.535,0.0,52.5,0.126
cellular_office__older_male_formal__t28p0_rh80,cellular_office,Cellular Office,older_male_formal,Older Male Formal,28.0,80.0,40,1.023,0.881,1.198,0.317,0.08,27.213,35.147,0.0,100.0,0.05
open_office__older_male_formal__t28p0_rh80,open_office,Open Office,older_male_formal,Older Male Formal,28.0,80.0,40,1.036,0.806,1.585,0.779,0.184,28.197,55.552,0.0,95.0,0.223
cellular_office__older_female_light__t28p0_rh80,cellular_office,Cellular Office,older_female_light,Older Female Light,28.0,80.0,40,0.009,-0.285,0.329,0.614,0.156,5.504,7.251,0.0,0.0,0.08
open_office__older_female_light__t28p0_rh80,open_office,Open Office,older_female_light,Older Female Light,28.0,80.0,40,0.029,-0.388,0.851,1.239,0.271,6.55,20.267,0.0,2.5,0.311
